year,constituencyNumber,district,constituency,winner,runnerUp,winnerVotes,runnerUpVotes,marginVotes,marginPercentage2001,1,Panchaghar,Panchaghar1,4P,AL,81702,70164,11538,5.632001,2,Panchaghar,Panchaghar2,4P,AL,83653,79602,4051,2.222001,3,Thakurgaon,Thakurgaon1,4P,AL,134910,96948,37962,15.242001,4,Thakurgaon,Thakurgaon2,AL,4P,62483,57196,5287,3.282001,5,Thakurgaon,Thakurgaon3,JP,AL,89468,78998,10470,5.872001,6,Dinajpur,Dinajpur1,4P,AL,88669,60197,28472,14.432001,7,Dinajpur,Dinajpur2,4P,AL,79490,71229,8261,4.422001,8,Dinajpur,Dinajpur3,4P,AL,102640,80814,21826,11.012001,9,Dinajpur,Dinajpur4,4P,AL,108360,87351,21009,10.142001,10,Dinajpur,Dinajpur5,AL,4P,105337,98883,6454,2.642001,11,Dinajpur,Dinajpur6,4P,AL,110598,88943,21655,7.792001,12,Nilphamari,Nilphamari1,AL,JP,66871,65552,1319,0.662001,13,Nilphamari,Nilphamari2,AL,4P,69960,65835,4125,2.252001,14,Nilphamari,Nilphamari3,4P,AL,64180,55043,9137,5.412001,15,Nilphamari,Nilphamari4,4P,AL,60199,57285,2914,1.692001,16,Lalmonirhat,Lalmonirhat1,AL,4P,78116,48907,29209,16.762001,17,Lalmonirhat,Lalmonirhat2,JP,Others,60468,58052,2416,1.382001,18,Lalmonirhat,Lalmonirhat3,4P,AL,63359,42912,20447,14.492001,19,Rangpur,Rangpur1,JP,4P,77812,49278,28534,16.342001,20,Rangpur,Rangpur2,JP,AL,91921,78163,13758,7.282001,21,Rangpur,Rangpur3,JP,AL,130562,53748,76814,36.782001,22,Rangpur,Rangpur4,JP,4P,93631,83825,9806,4.002001,23,Rangpur,Rangpur5,JP,AL,101956,75608,26348,11.272001,24,Rangpur,Rangpur6,JP,AL,90730,77991,12739,7.282001,25,Kurigram,Kurigram1,JP,4P,89073,87157,1916,0.762001,26,Kurigram,Kurigram2,JP,AL,123886,107398,16488,6.642001,27,Kurigram,Kurigram3,JP,4P,68579,63582,4997,2.972001,28,Kurigram,Kurigram4,JP,4P,62484,43025,19459,12.602001,29,Gaibandha,Gaibandha1,4P,JP,75478,57048,18430,10.002001,30,Gaibandha,Gaibandha2,AL,JP,68598,67519,1079,0.592001,31,Gaibandha,Gaibandha3,JP,AL,91109,76439,14670,6.092001,32,Gaibandha,Gaibandha4,4P,AL,96108,75106,21002,8.962001,33,Gaibandha,Gaibandha5,JP,AL,93432,72804,20628,11.422001,34,Joypurhat,Joypurhat1,4P,AL,159830,80900,78930,31.512001,35,Joypurhat,Joypurhat2,4P,AL,113290,77508,35782,18.152001,36,Bogra,Bogra1,4P,AL,120382,74622,45760,23.232001,37,Bogra,Bogra2,4P,AL,116806,47819,68987,37.662001,38,Bogra,Bogra3,4P,AL,94533,60764,33769,18.732001,39,Bogra,Bogra4,4P,AL,114814,72464,42350,21.662001,40,Bogra,Bogra5,4P,Others,158842,75327,83515,29.172001,41,Bogra,Bogra6,4P,AL,227355,54777,172578,59.632001,42,Bogra,Bogra7,4P,AL,147522,35656,111866,59.872001,43,Nawabganj,Nawabganj1,4P,AL,96740,84807,11933,4.792001,44,Nawabganj,Nawabganj2,4P,AL,86948,78411,8537,3.882001,45,Nawabganj,Nawabganj3,4P,Others,85489,72905,12584,5.792001,46,Naogaon,Naogaon1,4P,AL,129809,101135,28674,12.092001,47,Naogaon,Naogaon2,4P,AL,112827,89377,23450,11.392001,48,Naogaon,Naogaon3,4P,AL,135250,110927,24323,9.732001,49,Naogaon,Naogaon4,4P,AL,101262,80796,20466,11.072001,50,Naogaon,Naogaon5,AL,4P,96382,94235,2147,1.112001,51,Naogaon,Naogaon6,4P,AL,102693,82218,20475,10.932001,52,Rajshahi,Rajshahi1,4P,AL,130631,84185,46446,21.002001,53,Rajshahi,Rajshahi2,4P,AL,176405,96604,79801,26.952001,54,Rajshahi,Rajshahi3,4P,AL,113255,76717,36538,14.772001,55,Rajshahi,Rajshahi4,4P,AL,100551,85356,15195,7.772001,56,Rajshahi,Rajshahi5,4P,AL,88173,54882,33291,17.132001,57,Natore,Natore1,4P,AL,99591,89948,9643,4.952001,58,Natore,Natore2,4P,AL,109196,84498,24698,11.822001,59,Natore,Natore3,4P,AL,88071,78848,9223,5.392001,60,Natore,Natore4,4P,AL,111626,79450,32176,13.842001,61,Sirajgonj,Sirajgonj1,AL,4P,101981,38202,63779,44.852001,62,Sirajgonj,Sirajgonj2,4P,AL,138640,109482,29158,11.582001,63,Sirajgonj,Sirajgonj3,4P,AL,127780,97609,30171,13.242001,64,Sirajgonj,Sirajgonj4,4P,AL,130241,100692,29549,12.582001,65,Sirajgonj,Sirajgonj5,4P,AL,118342,54830,63512,32.572001,66,Sirajgonj,Sirajgonj6,4P,AL,76498,32158,44340,37.342001,67,Sirajgonj,Sirajgonj7,4P,AL,99543,78908,20635,11.492001,68,Pabna,Pabna1,4P,AL,135982,98113,37869,16.062001,69,Pabna,Pabna2,4P,AL,97704,86013,11691,6.322001,70,Pabna,Pabna3,4P,AL,131294,119794,11500,4.552001,71,Pabna,Pabna4,AL,4P,85311,65721,19590,8.792001,72,Pabna,Pabna5,4P,AL,142884,103499,39385,15.652001,73,Meherpur,Meherpur1,4P,AL,102028,69971,32057,17.892001,74,Meherpur,Meherpur2,4P,AL,86750,66322,20428,13.062001,75,Kushtia,Kushtia1,4P,AL,108326,103491,4835,2.192001,76,Kushtia,Kushtia2,4P,AL,100544,87734,12810,5.072001,77,Kushtia,Kushtia3,4P,AL,138747,84289,54458,23.962001,78,Kushtia,Kushtia4,4P,AL,110792,68404,42388,19.332001,79,Chuadanga,Chuadanga1,4P,AL,151763,113333,38430,14.052001,80,Chuadanga,Chuadanga2,4P,AL,146548,107050,39498,15.352001,81,Jhenaidah,Jhenaidah1,AL,4P,92652,92306,346,0.192001,82,Jhenaidah,Jhenaidah2,4P,AL,144951,117706,27245,10.232001,83,Jhenaidah,Jhenaidah3,4P,AL,127023,84289,42734,19.432001,84,Jhenaidah,Jhenaidah4,4P,AL,95991,74458,21533,12.412001,85,Jessore,Jessore1,4P,AL,86583,74254,12329,7.622001,86,Jessore,Jessore2,4P,AL,137717,120899,16818,6.382001,87,Jessore,Jessore3,4P,AL,147825,108174,39651,13.512001,88,Jessore,Jessore4,4P,AL,126540,101994,24546,10.232001,89,Jessore,Jessore5,4P,AL,110835,89781,21054,9.962001,90,Jessore,Jessore6,Others,AL,57760,57456,304,0.242001,91,Magura,Magura1,AL,4P,97542,86468,11074,5.262001,92,Magura,Magura2,4P,AL,106741,96314,10427,4.922001,93,Narail,Narail1,AL,4P,78216,61413,16803,11.742001,94,Narail,Narail2,AL,4P,97195,93081,4114,2.132001,95,Bagerhat,Bagerhat1,AL,4P,106235,82922,23313,12.322001,96,Bagerhat,Bagerhat2,4P,AL,103792,74429,29363,16.272001,97,Bagerhat,Bagerhat3,AL,4P,76779,69310,7469,4.952001,98,Bagerhat,Bagerhat4,4P,AL,83950,81979,1971,1.132001,99,Khulna,Khulna1,AL,4P,78552,47523,31029,20.512001,100,Khulna,Khulna2,4P,AL,91819,62021,29798,18.752001,101,Khulna,Khulna3,4P,AL,72285,55797,16488,11.912001,102,Khulna,Khulna4,4P,AL,102957,80307,22650,11.922001,103,Khulna,Khulna5,4P,AL,105740,101192,4548,2.132001,104,Khulna,Khulna6,4P,AL,127874,89312,38562,17.152001,105,Shatkhira,Shatkhira1,4P,AL,145930,114527,31403,11.532001,106,Shatkhira,Shatkhira2,4P,AL,124206,69861,54345,26.242001,107,Shatkhira,Shatkhira3,4P,AL,73577,56982,16595,12.412001,108,Shatkhira,Shatkhira4,4P,AL,108172,66561,41611,21.542001,109,Shatkhira,Shatkhira5,4P,AL,84613,56554,28059,18.192001,110,Borguna,Borguna1,Others,AL,84789,51302,33487,22.422001,111,Borguna,Borguna2,4P,AL,44014,24772,19242,20.832001,112,Borguna,Borguna3,AL,JP,55030,49109,5921,5.652001,113,Patuakhali,Patuakhali1,4P,AL,95838,80403,15435,7.952001,114,Patuakhali,Patuakhali2,4P,AL,69735,52804,16931,11.482001,115,Patuakhali,Patuakhali3,AL,4P,75138,62310,12828,8.582001,116,Patuakhali,Patuakhali4,AL,Others,51940,38221,13719,10.252001,117,Bhola,Bhola1,4P,AL,95904,58010,37894,24.522001,118,Bhola,Bhola2,4P,AL,82927,54437,28490,20.522001,119,Bhola,Bhola3,4P,AL,98659,50588,48071,32.062001,120,Bhola,Bhola4,4P,AL,94226,51937,42289,26.942001,121,Barisal,Barisal1,4P,AL,81791,67760,14031,9.332001,122,Barisal,Barisal2,4P,AL,60164,44919,15245,9.622001,123,Barisal,Barisal3,4P,AL,71638,46832,24806,19.312001,124,Barisal,Barisal4,4P,AL,65091,22502,42589,43.742001,125,Barisal,Barisal5,4P,AL,108412,52385,56027,30.832001,126,Barisal,Barisal6,4P,AL,54318,41171,13147,9.712001,127,Jhalokathi,Jhalokathi1,4P,Others,54513,22052,32461,31.472001,128,Jhalokathi,Jhalokathi2,4P,AL,92116,54378,37738,23.992001,129,Pirojpur,Pirojpur1,4P,AL,110108,76731,33377,17.352001,130,Pirojpur,Pirojpur2,Others,4P,37560,20594,16966,22.172001,131,Pirojpur,Pirojpur3,4P,AL,64958,29756,35202,31.502001,132,Barisal,Barisal with Pirojpur,4P,AL,98514,69352,29162,17.042001,133,Tangail,Tangail1,AL,Others,98413,55917,42496,21.672001,134,Tangail,Tangail2,4P,AL,105273,102999,2274,1.052001,135,Tangail,Tangail3,4P,AL,94420,88725,5695,2.952001,136,Tangail,Tangail4,4P,AL,89916,84775,5141,2.712001,137,Tangail,Tangail5,4P,AL,96544,83458,13086,4.372001,138,Tangail,Tangail6,4P,AL,55173,53295,1878,1.452001,139,Tangail,Tangail7,AL,4P,89931,87857,2074,1.102001,140,Tangail,Tangail8,Others,AL,81786,54505,27281,14.452001,141,Jamalpur,Jamalpur1,4P,AL,93616,73959,19657,9.722001,142,Jamalpur,Jamalpur2,4P,AL,80314,49865,30449,23.212001,143,Jamalpur,Jamalpur3,AL,Others,119611,112598,7013,2.872001,144,Jamalpur,Jamalpur4,4P,AL,89414,70062,19352,11.982001,145,Jamalpur,Jamalpur5,AL,4P,150240,114232,36008,13.342001,146,Sherpur,Sherpur1,AL,4P,86101,65490,20611,10.422001,147,Sherpur,Sherpur2,4P,AL,102545,99661,2884,1.402001,148,Sherpur,Sherpur3,4P,AL,86785,58393,28392,15.952001,149,Mymensingh,Mymensingh1,AL,4P,47873,41280,6593,5.262001,150,Mymensingh,Mymensingh2,4P,AL,114048,89631,24417,10.812001,151,Mymensingh,Mymensingh3,AL,4P,50632,44603,6029,4.692001,152,Mymensingh,Mymensingh4,4P,AL,102016,83380,18636,7.002001,153,Mymensingh,Mymensingh5,4P,AL,90501,74033,16468,9.662001,154,Mymensingh,Mymensingh6,Others,AL,59615,52621,6994,4.102001,155,Mymensingh,Mymensingh7,AL,4P,82159,56592,25567,15.982001,156,Mymensingh,Mymensingh8,4P,AL,59159,48885,10274,7.432001,157,Mymensingh,Mymensingh9,4P,AL,65992,58157,7835,5.212001,158,Mymensingh,Mymensingh10,AL,4P,109832,86862,22970,11.582001,159,Mymensingh,Mymensingh11,AL,4P,78651,53771,24880,16.802001,160,Mymensingh,Mymensingh + Nrtrokona,4P,AL,76971,59735,17236,9.382001,161,Netrokona,Netrokona1,4P,AL,103059,90031,13028,6.612001,162,Netrokona,Netrokona2,AL,4P,108514,101320,7194,3.192001,163,Netrokona,Netrokona3,4P,AL,103123,93966,9157,4.522001,164,Netrokona,Netrokona4,4P,AL,88651,84800,3851,2.192001,165,Kishoreganj,Kishoreganj1,AL,4P,86623,86509,114,0.062001,166,Kishoreganj,Kishoreganj2,AL,4P,50206,48411,1795,1.392001,167,Kishoreganj,Kishoreganj3,AL,4P,82062,72483,9579,6.052001,168,Kishoreganj,Kishoreganj4,4P,AL,65447,64232,1215,0.632001,169,Kishoreganj,Kishoreganj5,AL,Others,93915,63656,30259,16.572001,170,Kishoreganj,Kishoreganj6,4P,AL,83698,75818,7880,4.872001,171,Kishoreganj,Kishoreganj7,AL,4P,104196,89639,14557,7.402001,172,Manikganj,Manikganj1,4P,AL,85447,59541,25906,17.142001,173,Manikganj,Manikganj2,4P,AL,90160,49202,40958,26.202001,174,Manikganj,Manikganj3,4P,AL,105474,71139,34335,18.372001,175,Manikganj,Manikganj4,4P,AL,98346,60445,37901,23.462001,176,Munshiganj,Munshiganj1,4P,AL,94412,64994,29418,18.112001,177,Munshiganj,Munshiganj2,4P,AL,83623,59534,24089,16.672001,178,Munshiganj,Munshiganj3,4P,AL,86077,51682,34395,24.912001,179,Munshiganj,Munshiganj4,4P,AL,93795,80447,13348,7.462001,180,Dhaka,Dhaka1,4P,AL,48347,45576,2771,2.952001,181,Dhaka,Dhaka2,4P,AL,70958,68414,2544,1.812001,182,Dhaka,Dhaka3,4P,AL,169980,89375,80605,30.422001,183,Dhaka,Dhaka4,4P,AL,151368,123002,28366,9.752001,184,Dhaka,Dhaka5,4P,AL,211440,166832,44608,11.402001,185,Dhaka,Dhaka6,4P,AL,156358,116976,39382,13.952001,186,Dhaka,Dhaka7,4P,AL,123686,98229,25457,11.202001,187,Dhaka,Dhaka8,4P,AL,89789,88697,1092,0.592001,188,Dhaka,Dhaka9,4P,AL,126985,86908,40077,18.082001,189,Dhaka,Dhaka10,4P,AL,94995,73043,21952,12.622001,190,Dhaka,Dhaka11,4P,AL,193945,163660,30285,8.082001,191,Dhaka,Dhaka12,4P,AL,139788,98062,41726,17.042001,192,Dhaka,Dhaka13,4P,AL,106007,76495,29512,16.082001,193,Gazipur,Gazipur1,AL,4P,165281,141151,24130,7.612001,194,Gazipur,Gazipur2,AL,Others,159125,89845,69280,18.582001,195,Gazipur,Gazipur3,4P,AL,58518,58133,385,0.312001,196,Gazipur,Gazipur4,AL,4P,80675,72082,8593,5.462001,197,Narsingdi,Narshingdi1,4P,AL,101313,84889,16424,8.552001,198,Narsingdi,Narshingdi2,4P,AL,67379,46342,21037,16.382001,199,Narsingdi,Narshingdi3,4P,AL,61453,44961,16492,13.202001,200,Narsingdi,Narshingdi4,4P,AL,102714,92564,10150,4.932001,201,Narsingdi,Narshingdi5,AL,4P,117096,99509,17587,7.972001,202,Narayanganj,Narayanganj1,4P,AL,89136,78904,10232,5.902001,203,Narayanganj,Narayanganj2,4P,AL,89757,64482,25275,16.182001,204,Narayanganj,Narayanganj3,4P,AL,84001,54683,29318,20.022001,205,Narayanganj,Narayanganj4,4P,AL,137323,106104,31219,12.192001,206,Narayanganj,Narayanganj5,4P,AL,73013,62232,10781,6.352001,207,Rajbari,Rajbari1,4P,AL,95266,85057,10209,5.172001,208,Rajbari,Rajbari2,4P,AL,148765,127538,21227,7.422001,209,Faridpur,Faridpur1,AL,4P,126858,119912,6946,2.792001,210,Faridpur,Faridpur2,4P,AL,86450,74474,11976,7.382001,211,Faridpur,Faridpur3,4P,AL,114618,69544,45074,24.112001,212,Faridpur,Faridpur4,AL,Others,56231,52763,3468,3.072001,213,Faridpur,Faridpur5,Others,AL,64297,51662,12635,10.582001,214,Gopalganj,Gopalganj1,AL,4P,145391,20136,125255,67.642001,215,Gopalganj,Gopalganj2,AL,4P,185821,8164,177657,89.962001,216,Gopalganj,Gopalganj3,AL,4P,154130,7223,146907,90.302001,217,Madaripur,Madaripur1,AL,4P,98898,47831,51067,34.572001,218,Madaripur,Madaripur2,AL,4P,139096,46234,92862,49.342001,219,Madaripur,Madaripur3,AL,Others,110993,37508,73485,42.742001,220,Shariatpur,Shariatpur1,Others,AL,99076,81930,17146,9.422001,221,Shariatpur,Shariatpur2,AL,Others,48578,33287,15291,15.152001,222,Shariatpur,Shariatpur3,AL,4P,125550,95961,29589,13.272001,223,Sunamganj,Sunamganj1,4P,AL,128448,95574,32874,14.572001,224,Sunamganj,Sunamgonj2,AL,4P,82839,66558,16281,10.812001,225,Sunamganj,Sunamgonj3,AL,4P,69421,63475,5946,3.922001,226,Sunamganj,Sunamgonj4,4P,AL,61807,51864,9943,6.912001,227,Sunamganj,Sunamganj5,4P,AL,113660,83500,30160,14.482001,228,Sylhet,Sylhet1,4P,AL,133827,95089,38738,15.482001,229,Sylhet,Sylhet2,4P,AL,103460,55291,48169,25.352001,230,Sylhet,Sylhet3,4P,AL,55994,44342,11652,9.832001,231,Sylhet,Sylhet4,4P,AL,62324,47608,14716,10.692001,232,Sylhet,Sylhet5,4P,AL,77750,52885,24865,15.712001,233,Sylhet,Sylhet6,Others,AL,88182,71517,16665,8.872001,234,Maulvibazar,Moulvibazar1,4P,AL,49281,47539,1742,1.682001,235,Maulvibazar,Moulvibazar2,Others,AL,81349,71803,9546,5.522001,236,Maulvibazar,Moulvibazar3,4P,AL,108513,95319,13194,6.322001,237,Maulvibazar,Moulvibazar4,AL,Others,96329,70652,25677,11.742001,238,Habiganj,Habiganj1,AL,4P,74693,66137,8556,4.592001,239,Habiganj,Habiganj2,AL,4P,50361,50014,347,0.212001,240,Habiganj,Habiganj3,AL,4P,83110,69306,13804,7.922001,241,Habiganj,Habiganj4,AL,4P,107376,93031,14345,6.042001,242,Brahmanbaria,Brahmminbaria1,Others,AL,47254,37163,10091,8.062001,243,Brahmanbaria,Brahmminbaria2,4P,AL,99804,56543,43261,24.162001,244,Brahmanbaria,Brahmminbaria3,4P,AL,150074,123158,26916,9.602001,245,Brahmanbaria,Brahmminbaria4,4P,AL,81229,60340,20889,12.432001,246,Brahmanbaria,Brahmminbaria5,4P,AL,102890,60368,42522,24.532001,247,Brahmanbaria,Brahmminbaria6,4P,AL,75716,50306,25410,20.082001,248,Comilla,Comilla1,4P,AL,73936,34645,39291,35.832001,249,Comilla,Comilla2,4P,AL,128680,54651,74029,34.962001,250,Comilla,Comilla3,4P,AL,107511,83301,24210,12.162001,251,Comilla,Comilla4,4P,AL,92329,58877,33452,21.492001,252,Comilla,Comilla5,4P,AL,96828,87276,9552,5.012001,253,Comilla,Comilla6,4P,AL,87483,39364,48119,37.672001,254,Comilla,Comilla7,4P,AL,89623,58898,30725,20.092001,255,Comilla,Comilla8,4P,AL,65447,34399,31048,23.002001,256,Comilla,Comilla9,4P,AL,78622,66175,12447,8.502001,257,Comilla,Comilla10,4P,AL,107769,70434,37335,20.132001,258,Comilla,Comilla11,4P,AL,87898,47176,40722,29.952001,259,Comilla,Comilla12,4P,AL,108407,54172,54235,33.032001,260,Chandpur,Chandpur1,4P,AL,85507,62537,22970,15.402001,261,Chandpur,Chandpur2,4P,AL,78205,50516,27689,21.152001,262,Chandpur,Chandpur3,4P,AL,72830,47324,25506,20.622001,263,Chandpur,Chandpur4,4P,AL,92829,61740,31089,19.082001,264,Chandpur,Chandpur5,4P,AL,110792,94531,16261,7.662001,265,Chandpur,Chandpur6,4P,AL,85856,48921,36935,26.852001,266,Feni,Feni1,4P,AL,103149,36763,66386,46.472001,267,Feni,Feni2,4P,AL,115278,67025,48253,25.702001,268,Feni,Feni3,4P,AL,94321,42212,52109,37.772001,269,Noakhali,Noakhali1,4P,AL,57555,30876,26679,28.682001,270,Noakhali,Noakhali2,4P,AL,158737,72134,86603,33.912001,271,Noakhali,Noakhali3,4P,AL,50378,27978,22400,26.002001,272,Noakhali,Noakhali4,4P,AL,112095,83998,28097,13.922001,273,Noakhali,Noakhali5,4P,AL,84578,45972,38606,22.032001,274,Noakhali,Noakhali6,Others,AL,39275,33036,6239,6.192001,275,Laxmipur,Laxmipur1,4P,AL,68990,32437,36553,34.922001,276,Laxmipur,Laxmipur2,4P,AL,123526,44974,78552,45.932001,277,Laxmipur,Laxmipur3,4P,AL,95215,41235,53980,38.562001,278,Laxmipur,Laxmipur4,4P,Others,45977,44542,1435,1.112001,279,Chittagong,Chittagong1,4P,AL,86839,82333,4506,2.632001,280,Chittagong,Chittagong2,4P,AL,67512,46045,21467,15.682001,281,Chittagong,Chittagong3,4P,AL,69546,39135,30411,27.882001,282,Chittagong,Chittagong4,AL,4P,108011,82518,25493,13.202001,283,Chittagong,Chittagong5,4P,AL,84063,73938,10125,6.142001,284,Chittagong,Chittagong6,AL,4P,74669,67340,7329,5.112001,285,Chittagong,Chittagong7,4P,AL,65116,55267,9849,7.422001,286,Chittagong,Chittagong8,4P,AL,181584,129198,52386,16.372001,287,Chittagong,Chittagong9,4P,AL,131639,111935,19704,7.902001,288,Chittagong,Chittagong10,4P,AL,112308,90380,21928,10.322001,289,Chittagong,Chittagong11,4P,AL,79914,63250,16664,10.822001,290,Chittagong,Chittagong12,4P,AL,76473,68187,8286,5.522001,291,Chittagong,Chittagong13,4P,AL,70016,57700,12316,9.462001,292,Chittagong,Chittagong14,Others,4P,106569,64184,42385,19.192001,293,Chittagong,Chittagong15,4P,AL,100856,56314,44542,27.612001,294,Cox's Bazar,Cox's Bazar1,4P,AL,134602,74297,60305,28.392001,295,Cox's Bazar,Cox's Bazar2,4P,AL,103503,49190,54313,35.472001,296,Cox's Bazar,Cox's Bazar3,4P,AL,113895,8312,105583,85.202001,297,Cox's Bazar,Cox's Bazar4,4P,AL,89747,48735,41012,29.622001,298,Khagrachari,Khagrachari,4P,AL,93859,55309,38550,20.662001,299,Rangamati,Rangamati,4P,AL,68744,51000,17744,13.042001,300,Bandarban,Bandarban,AL,4P,39550,38697,853,0.84,,,,,,,,,